network,method,variant,model_file,state_dimension,analysis_type,attractor_count_is_complete,serialized_dimension,fixed_variables,free_variables,initial_states_analyzed,state_space_size,serialized_state_space_size,effective_state_space_size,coverage_fraction,attractors_observed,fixed_attractors_observed,periodic_attractors_observed,attractor_periods,mean_transient_length,max_transient_length,dynamic_analysis_time_seconds,monte_carlo_samples_requested,random_seed,total_attractor_count_match
acute_myeloid_leukemia,original,original,results/models/acute_myeloid_leukemia/original.bnet,68,monte_carlo,False,68,17,51,10000,2251799813685248,295147905179352825856,2251799813685248,4.440892098500626e-12,2,2,0,1;1,6.3481,7,0.3019906899999114,10000,6569635940521561684,
acute_myeloid_leukemia,node_elimination,node_elimination,results/models/acute_myeloid_leukemia/node_elimination.bnet,1,exact,True,1,0,1,2,2,2,2,1.0,2,2,0,1;1,0.0,0,2.46620002144482e-05,,,
acute_myeloid_leukemia,two_step,two_step,results/models/acute_myeloid_leukemia/two_step.bnet,12,exact,True,12,0,12,4096,4096,4096,4096,1.0,2,2,0,1;1,1.87451171875,3,0.023529621999841766,,,
acute_myeloid_leukemia,leaf_node_removal,leaf_node_removal,results/models/acute_myeloid_leukemia/leaf_node_removal.bnet,2,exact,True,2,1,1,2,2,4,2,1.0,2,2,0,1;1,0.0,0,2.1783999727631453e-05,,,
acute_myeloid_leukemia,dominant_vertices,dv_01,results/models/acute_myeloid_leukemia/dominant_vertices/dominant_vertices_01.bnet,18,exact,True,18,17,1,2,2,262144,2,1.0,2,2,0,1;1,0.0,0,2.8345999453449622e-05,,,
basal_cell_carcinoma,original,original,results/models/basal_cell_carcinoma/original.bnet,63,monte_carlo,False,63,18,45,10000,35184372088832,9223372036854775808,35184372088832,2.842170943040401e-10,2,2,0,1;1,4.2207,6,0.21340182899984939,10000,4516529431984585406,
basal_cell_carcinoma,node_elimination,node_elimination,results/models/basal_cell_carcinoma/node_elimination.bnet,1,exact,True,1,0,1,2,2,2,2,1.0,2,2,0,1;1,0.0,0,2.893799955927534e-05,,,
basal_cell_carcinoma,two_step,two_step,results/models/basal_cell_carcinoma/two_step.bnet,44,monte_carlo,False,44,0,44,10000,17592186044416,17592186044416,17592186044416,5.684341886080801e-10,2,2,0,1;1,4.2666,6,0.23770398599936016,10000,1078340473003593703,
basal_cell_carcinoma,leaf_node_removal,leaf_node_removal,results/models/basal_cell_carcinoma/leaf_node_removal.bnet,3,exact,True,3,2,1,2,2,8,2,1.0,2,2,0,1;1,0.0,0,3.033299981325399e-05,,,
basal_cell_carcinoma,dominant_vertices,dv_01,results/models/basal_cell_carcinoma/dominant_vertices/dominant_vertices_01.bnet,19,exact,True,19,18,1,2,2,524288,2,1.0,2,2,0,1;1,0.0,0,4.2595000195433386e-05,,,
bladder_cancer,original,original,results/models/bladder_cancer/original.bnet,41,exact,True,41,26,15,32768,32768,2199023255552,32768,1.0,1,1,0,1,4.854461669921875,5,0.8515213549999316,,,True
bladder_cancer,node_elimination,node_elimination,results/models/bladder_cancer/node_elimination.bnet,0,exact,True,0,0,0,1,1,1,1,1.0,1,1,0,1,0.0,0,1.6448000678792596e-05,,,True
bladder_cancer,two_step,two_step,results/models/bladder_cancer/two_step.bnet,0,exact,True,0,0,0,1,1,1,1,1.0,1,1,0,1,0.0,0,1.1504999747558031e-05,,,True
bladder_cancer,leaf_node_removal,leaf_node_removal,results/models/bladder_cancer/leaf_node_removal.bnet,0,exact,True,0,0,0,1,1,1,1,1.0,1,1,0,1,0.0,0,1.4195000403560698e-05,,,True
bladder_cancer,dominant_vertices,dv_01,results/models/bladder_cancer/dominant_vertices/dominant_vertices_01.bnet,26,exact,True,26,26,0,1,1,67108864,1,1.0,1,1,0,1,0.0,0,4.5261999730428215e-05,,,True
chronic_myeloid_leukemia,original,original,results/models/chronic_myeloid_leukemia/original.bnet,77,monte_carlo,False,77,21,56,10000,72057594037927936,151115727451828646838272,72057594037927936,1.3877787807814457e-13,1,1,0,1,8.4709,9,0.5181412140000248,10000,13677695992417225805,
chronic_myeloid_leukemia,node_elimination,node_elimination,results/models/chronic_myeloid_leukemia/node_elimination.bnet,0,exact,True,0,0,0,1,1,1,1,1.0,1,1,0,1,0.0,0,1.4035000276635401e-05,,,
chronic_myeloid_leukemia,two_step,two_step,results/models/chronic_myeloid_leukemia/two_step.bnet,0,exact,True,0,0,0,1,1,1,1,1.0,1,1,0,1,0.0,0,1.422100012860028e-05,,,
chronic_myeloid_leukemia,leaf_node_removal,leaf_node_removal,results/models/chronic_myeloid_leukemia/leaf_node_removal.bnet,0,exact,True,0,0,0,1,1,1,1,1.0,1,1,0,1,0.0,0,1.4123999790172093e-05,,,
chronic_myeloid_leukemia,dominant_vertices,dv_01,results/models/chronic_myeloid_leukemia/dominant_vertices/dominant_vertices_01.bnet,21,exact,True,21,21,0,1,1,2097152,1,1.0,1,1,0,1,0.0,0,2.779399983410258e-05,,,
colorectal_cancer,original,original,results/models/colorectal_cancer/original.bnet,87,monte_carlo,False,87,36,51,10000,2251799813685248,154742504910672534362390528,2251799813685248,4.440892098500626e-12,1,1,0,1,8.1789,9,0.6041750260001209,10000,3138393761593342988,
colorectal_cancer,node_elimination,node_elimination,results/models/colorectal_cancer/node_elimination.bnet,0,exact,True,0,0,0,1,1,1,1,1.0,1,1,0,1,0.0,0,1.4087000636209268e-05,,,
colorectal_cancer,two_step,two_step,results/models/colorectal_cancer/two_step.bnet,0,exact,True,0,0,0,1,1,1,1,1.0,1,1,0,1,0.0,0,1.4702999578730669e-05,,,
colorectal_cancer,leaf_node_removal,leaf_node_removal,results/models/colorectal_cancer/leaf_node_removal.bnet,0,exact,True,0,0,0,1,1,1,1,1.0,1,1,0,1,0.0,0,1.4729999747942202e-05,,,
colorectal_cancer,dominant_vertices,dv_01,results/models/colorectal_cancer/dominant_vertices/dominant_vertices_01.bnet,36,exact,True,36,36,0,1,1,68719476736,1,1.0,1,1,0,1,0.0,0,3.594499958126107e-05,,,
endometrial_cancer,original,original,results/models/endometrial_cancer/original.bnet,59,monte_carlo,False,59,23,36,10000,68719476736,576460752303423488,68719476736,1.4551915228366852e-07,1,1,0,1,7.1703,8,0.22199389200068254,10000,8660806899490889664,
endometrial_cancer,node_elimination,node_elimination,results/models/endometrial_cancer/node_elimination.bnet,0,exact,True,0,0,0,1,1,1,1,1.0,1,1,0,1,0.0,0,1.127500036091078e-05,,,
endometrial_cancer,two_step,two_step,results/models/endometrial_cancer/two_step.bnet,0,exact,True,0,0,0,1,1,1,1,1.0,1,1,0,1,0.0,0,1.1158000233990606e-05,,,
endometrial_cancer,leaf_node_removal,leaf_node_removal,results/models/endometrial_cancer/leaf_node_removal.bnet,0,exact,True,0,0,0,1,1,1,1,1.0,1,1,0,1,0.0,0,1.1254000128246844e-05,,,
endometrial_cancer,dominant_vertices,dv_01,results/models/endometrial_cancer/dominant_vertices/dominant_vertices_01.bnet,23,exact,True,23,23,0,1,1,8388608,1,1.0,1,1,0,1,0.0,0,2.065599983325228e-05,,,
glioma,original,original,results/models/glioma/original.bnet,76,monte_carlo,False,76,31,45,10000,35184372088832,75557863725914323419136,35184372088832,2.842170943040401e-10,1,1,0,1,7.9308,8,0.2369786400004159,10000,17395579645680446408,
glioma,node_elimination,node_elimination,results/models/glioma/node_elimination.bnet,0,exact,True,0,0,0,1,1,1,1,1.0,1,1,0,1,0.0,0,1.2023000635963399e-05,,,
glioma,two_step,two_step,results/models/glioma/two_step.bnet,0,exact,True,0,0,0,1,1,1,1,1.0,1,1,0,1,0.0,0,1.1830000403278973e-05,,,
glioma,leaf_node_removal,leaf_node_removal,results/models/glioma/leaf_node_removal.bnet,0,exact,True,0,0,0,1,1,1,1,1.0,1,1,0,1,0.0,0,1.1969999832217582e-05,,,
glioma,dominant_vertices,dv_01,results/models/glioma/dominant_vertices/dominant_vertices_01.bnet,31,exact,True,31,31,0,1,1,2147483648,1,1.0,1,1,0,1,0.0,0,2.2586999875784386e-05,,,
melanoma,original,original,results/models/melanoma/original.bnet,73,monte_carlo,False,73,40,33,10000,8589934592,9444732965739290427392,8589934592,1.1641532182693481e-06,1,1,0,1,4.9854,5,0.20861658600006194,10000,16178760310373070879,
melanoma,node_elimination,node_elimination,results/models/melanoma/node_elimination.bnet,0,exact,True,0,0,0,1,1,1,1,1.0,1,1,0,1,0.0,0,1.1299000107101165e-05,,,
melanoma,two_step,two_step,results/models/melanoma/two_step.bnet,0,exact,True,0,0,0,1,1,1,1,1.0,1,1,0,1,0.0,0,1.1101000382041093e-05,,,
melanoma,leaf_node_removal,leaf_node_removal,results/models/melanoma/leaf_node_removal.bnet,0,exact,True,0,0,0,1,1,1,1,1.0,1,1,0,1,0.0,0,1.1530000847415067e-05,,,
melanoma,dominant_vertices,dv_01,results/models/melanoma/dominant_vertices/dominant_vertices_01.bnet,40,exact,True,40,40,0,1,1,1099511627776,1,1.0,1,1,0,1,0.0,0,2.5486999220447615e-05,,,
non_small_cell_lung_cancer,original,original,results/models/non_small_cell_lung_cancer/original.bnet,73,monte_carlo,False,73,35,38,10000,274877906944,9444732965739290427392,274877906944,3.637978807091713e-08,1,1,0,1,8.8008,9,0.2005244539996056,10000,13013847623370177443,
non_small_cell_lung_cancer,node_elimination,node_elimination,results/models/non_small_cell_lung_cancer/node_elimination.bnet,0,exact,True,0,0,0,1,1,1,1,1.0,1,1,0,1,0.0,0,1.443699966330314e-05,,,
non_small_cell_lung_cancer,two_step,two_step,results/models/non_small_cell_lung_cancer/two_step.bnet,0,exact,True,0,0,0,1,1,1,1,1.0,1,1,0,1,0.0,0,1.1201999768672977e-05,,,
non_small_cell_lung_cancer,leaf_node_removal,leaf_node_removal,results/models/non_small_cell_lung_cancer/leaf_node_removal.bnet,0,exact,True,0,0,0,1,1,1,1,1.0,1,1,0,1,0.0,0,1.086899919755524e-05,,,
non_small_cell_lung_cancer,dominant_vertices,dv_01,results/models/non_small_cell_lung_cancer/dominant_vertices/dominant_vertices_01.bnet,35,exact,True,35,35,0,1,1,34359738368,1,1.0,1,1,0,1,0.0,0,2.2175000594870653e-05,,,
pancreatic_cancer,original,original,results/models/pancreatic_cancer/original.bnet,77,monte_carlo,False,77,30,47,10000,140737488355328,151115727451828646838272,140737488355328,7.105427357601002e-11,1,1,0,1,3.7476,4,0.2106747269999687,10000,7969653708496683661,
pancreatic_cancer,node_elimination,node_elimination,results/models/pancreatic_cancer/node_elimination.bnet,0,exact,True,0,0,0,1,1,1,1,1.0,1,1,0,1,0.0,0,1.1918999916815665e-05,,,
pancreatic_cancer,two_step,two_step,results/models/pancreatic_cancer/two_step.bnet,0,exact,True,0,0,0,1,1,1,1,1.0,1,1,0,1,0.0,0,1.1363999874447472e-05,,,
pancreatic_cancer,leaf_node_removal,leaf_node_removal,results/models/pancreatic_cancer/leaf_node_removal.bnet,0,exact,True,0,0,0,1,1,1,1,1.0,1,1,0,1,0.0,0,1.1794000783993397e-05,,,
pancreatic_cancer,dominant_vertices,dv_01,results/models/pancreatic_cancer/dominant_vertices/dominant_vertices_01.bnet,30,exact,True,30,30,0,1,1,1073741824,1,1.0,1,1,0,1,0.0,0,2.262799989694031e-05,,,
prostate_cancer,original,original,results/models/prostate_cancer/original.bnet,106,monte_carlo,False,106,41,65,10000,36893488147419103232,81129638414606681695789005144064,36893488147419103232,2.710505431213761e-16,1,1,0,1,7.9964,8,0.3387403960005031,10000,10729559845943105712,
prostate_cancer,node_elimination,node_elimination,results/models/prostate_cancer/node_elimination.bnet,1,exact,True,1,0,1,2,2,2,2,1.0,2,2,0,1;1,0.0,0,2.2175000594870653e-05,,,
prostate_cancer,two_step,two_step,results/models/prostate_cancer/two_step.bnet,2,exact,True,2,0,2,4,4,4,4,1.0,2,2,0,1;1,0.5,1,2.999700063810451e-05,,,
prostate_cancer,leaf_node_removal,leaf_node_removal,results/models/prostate_cancer/leaf_node_removal.bnet,33,monte_carlo,False,33,11,22,10000,4194304,8589934592,4194304,0.002384185791015625,1,1,0,1,6.9923,7,0.09646047800015367,10000,877878801057015525,
prostate_cancer,dominant_vertices,dv_01,results/models/prostate_cancer/dominant_vertices/dominant_vertices_01.bnet,42,exact,True,42,41,1,2,2,4398046511104,2,1.0,2,2,0,1;1,0.0,0,5.035499998484738e-05,,,
renal_cell_carcinoma,original,original,results/models/renal_cell_carcinoma/original.bnet,70,monte_carlo,False,70,26,44,10000,17592186044416,1180591620717411303424,17592186044416,5.684341886080801e-10,1,1,0,1,4.2426,5,0.1813045240005522,10000,14681461830633154229,
renal_cell_carcinoma,node_elimination,node_elimination,results/models/renal_cell_carcinoma/node_elimination.bnet,0,exact,True,0,0,0,1,1,1,1,1.0,1,1,0,1,0.0,0,1.060799968399806e-05,,,
renal_cell_carcinoma,two_step,two_step,results/models/renal_cell_carcinoma/two_step.bnet,0,exact,True,0,0,0,1,1,1,1,1.0,1,1,0,1,0.0,0,1.076099943020381e-05,,,
renal_cell_carcinoma,leaf_node_removal,leaf_node_removal,results/models/renal_cell_carcinoma/leaf_node_removal.bnet,0,exact,True,0,0,0,1,1,1,1,1.0,1,1,0,1,0.0,0,1.0495000424270984e-05,,,
renal_cell_carcinoma,dominant_vertices,dv_01,results/models/renal_cell_carcinoma/dominant_vertices/dominant_vertices_01.bnet,26,exact,True,26,26,0,1,1,67108864,1,1.0,1,1,0,1,0.0,0,2.079900059470674e-05,,,
small_cell_lung_cancer,original,original,results/models/small_cell_lung_cancer/original.bnet,93,monte_carlo,False,93,45,48,10000,281474976710656,9903520314283042199192993792,281474976710656,3.552713678800501e-11,1,1,0,1,5.9816,6,0.26402395100012654,10000,9436012162443848748,
small_cell_lung_cancer,node_elimination,node_elimination,results/models/small_cell_lung_cancer/node_elimination.bnet,0,exact,True,0,0,0,1,1,1,1,1.0,1,1,0,1,0.0,0,2.185400080634281e-05,,,
small_cell_lung_cancer,two_step,two_step,results/models/small_cell_lung_cancer/two_step.bnet,0,exact,True,0,0,0,1,1,1,1,1.0,1,1,0,1,0.0,0,1.2449999303498771e-05,,,
small_cell_lung_cancer,leaf_node_removal,leaf_node_removal,results/models/small_cell_lung_cancer/leaf_node_removal.bnet,0,exact,True,0,0,0,1,1,1,1,1.0,1,1,0,1,0.0,0,1.147700004366925e-05,,,
small_cell_lung_cancer,dominant_vertices,dv_01,results/models/small_cell_lung_cancer/dominant_vertices/dominant_vertices_01.bnet,45,exact,True,45,45,0,1,1,35184372088832,1,1.0,1,1,0,1,0.0,0,2.4295999537571333e-05,,,
thyroid_cancer,original,original,results/models/thyroid_cancer/original.bnet,37,exact,True,37,23,14,16384,16384,137438953472,16384,1.0,1,1,0,1,3.81146240234375,4,0.17958192500009318,,,True
thyroid_cancer,node_elimination,node_elimination,results/models/thyroid_cancer/node_elimination.bnet,0,exact,True,0,0,0,1,1,1,1,1.0,1,1,0,1,0.0,0,1.1120999261038378e-05,,,True
thyroid_cancer,two_step,two_step,results/models/thyroid_cancer/two_step.bnet,0,exact,True,0,0,0,1,1,1,1,1.0,1,1,0,1,0.0,0,1.1500000255182385e-05,,,True
thyroid_cancer,leaf_node_removal,leaf_node_removal,results/models/thyroid_cancer/leaf_node_removal.bnet,0,exact,True,0,0,0,1,1,1,1,1.0,1,1,0,1,0.0,0,1.0578999535937328e-05,,,True
thyroid_cancer,dominant_vertices,dv_01,results/models/thyroid_cancer/dominant_vertices/dominant_vertices_01.bnet,23,exact,True,23,23,0,1,1,8388608,1,1.0,1,1,0,1,0.0,0,2.2141999579616822e-05,,,True
